LMP error($/MWh),Method,Bus Number,,,,,,,,,,,
-0.035816258,Proposed,1,,,,,,,,,,,
-0.032080344,Proposed,2,,,,,,,,,,,
-0.191957274,Proposed,3,,,,,,,,,,,
-0.021778019,Proposed,4,,,,,,,,,,,
0.082840489,Proposed,5,,,,,,,,,,,
0.167018157,Proposed,6,,,,,,,,,,,
0.03409099,Proposed,7,,,,,,,,,,,
0.008458575,Proposed,8,,,,,,,,,,,
-0.043281985,Proposed,9,,,,,,,,,,,
0.098659454,Proposed,10,,,,,,,,,,,
0.033454693,Proposed,11,,,,,,,,,,,
0.013844056,Proposed,12,,,,,,,,,,,
0.007049882,Proposed,13,,,,,,,,,,,
0.01201815,Proposed,14,,,,,,,,,,,
-0.086744177,Proposed,15,,,,,,,,,,,
-0.089639711,Proposed,16,,,,,,,,,,,
-0.182924992,Proposed,17,,,,,,,,,,,
-0.20725268,Proposed,18,,,,,,,,,,,
-0.066524218,Proposed,19,,,,,,,,,,,
-0.09488568,Proposed,20,,,,,,,,,,,
-0.231232921,Proposed,21,,,,,,,,,,,
-0.426742457,Proposed,22,,,,,,,,,,,
-0.135222212,Proposed,23,,,,,,,,,,,
-0.02501348,Proposed,24,,,,,,,,,,,
0.655596719,Method in [22],1,,,,,,,,,,,
0.599310192,Method in [22],1,,,,,,,,,,,
0.011753502,Method in [22],1,,,,,,,,,,,
0.22991126,Method in [22],1,,,,,,,,,,,
0.308624471,Method in [22],1,,,,,,,,,,,
0.092087239,Method in [22],1,,,,,,,,,,,
-0.289330041,Method in [22],1,,,,,,,,,,,
-0.280263161,Method in [22],1,,,,,,,,,,,
-0.109188141,Method in [22],1,,,,,,,,,,,
-0.069310689,Method in [22],1,,,,,,,,,,,
-0.106432188,Method in [22],1,,,,,,,,,,,
-0.111008744,Method in [22],1,,,,,,,,,,,
-0.220459034,Method in [22],1,,,,,,,,,,,
-0.095675881,Method in [22],1,,,,,,,,,,,
-0.071477634,Method in [22],1,,,,,,,,,,,
-0.086812052,Method in [22],1,,,,,,,,,,,
-0.110799274,Method in [22],1,,,,,,,,,,,
-0.079211052,Method in [22],1,,,,,,,,,,,
-0.10473156,Method in [22],1,,,,,,,,,,,
-0.119050675,Method in [22],1,,,,,,,,,,,
-0.077391843,Method in [22],1,,,,,,,,,,,
-0.079198394,Method in [22],1,,,,,,,,,,,
-0.126788143,Method in [22],1,,,,,,,,,,,
-0.017692429,Method in [22],1,,,,,,,,,,,
0.60218846,Method in [22],2,,,,,,,,,,,
0.672758808,Method in [22],2,,,,,,,,,,,
0.006016933,Method in [22],2,,,,,,,,,,,
0.270384065,Method in [22],2,,,,,,,,,,,
0.282905531,Method in [22],2,,,,,,,,,,,
0.114743057,Method in [22],2,,,,,,,,,,,
-0.282592738,Method in [22],2,,,,,,,,,,,
-0.272432198,Method in [22],2,,,,,,,,,,,
-0.10168468,Method in [22],2,,,,,,,,,,,
-0.063738662,Method in [22],2,,,,,,,,,,,
-0.101041494,Method in [22],2,,,,,,,,,,,
-0.105330869,Method in [22],2,,,,,,,,,,,
-0.215588935,Method in [22],2,,,,,,,,,,,
-0.09234082,Method in [22],2,,,,,,,,,,,
-0.071398447,Method in [22],2,,,,,,,,,,,
-0.085773689,Method in [22],2,,,,,,,,,,,
-0.110467309,Method in [22],2,,,,,,,,,,,
-0.079160512,Method in [22],2,,,,,,,,,,,
-0.10286567,Method in [22],2,,,,,,,,,,,
-0.116709075,Method in [22],2,,,,,,,,,,,
-0.077550641,Method in [22],2,,,,,,,,,,,
-0.079705891,Method in [22],2,,,,,,,,,,,
-0.124284884,Method in [22],2,,,,,,,,,,,
-0.020554073,Method in [22],2,,,,,,,,,,,
-0.147601002,Method in [22],3,,,,,,,,,,,
-0.157010355,Method in [22],3,,,,,,,,,,,
0.292442247,Method in [22],3,,,,,,,,,,,
-0.221183154,Method in [22],3,,,,,,,,,,,
-0.24248146,Method in [22],3,,,,,,,,,,,
-0.283112718,Method in [22],3,,,,,,,,,,,
-0.468902548,Method in [22],3,,,,,,,,,,,
-0.473625471,Method in [22],3,,,,,,,,,,,
-0.272351787,Method in [22],3,,,,,,,,,,,
-0.309135924,Method in [22],3,,,,,,,,,,,
-0.264849788,Method in [22],3,,,,,,,,,,,
-0.283630243,Method in [22],3,,,,,,,,,,,
-0.373860385,Method in [22],3,,,,,,,,,,,
-0.191857027,Method in [22],3,,,,,,,,,,,
-0.082489036,Method in [22],3,,,,,,,,,,,
-0.132405574,Method in [22],3,,,,,,,,,,,
-0.149048499,Method in [22],3,,,,,,,,,,,
-0.11176448,Method in [22],3,,,,,,,,,,,
-0.1763656,Method in [22],3,,,,,,,,,,,
-0.214092517,Method in [22],3,,,,,,,,,,,
-0.105661455,Method in [22],3,,,,,,,,,,,
-0.116110994,Method in [22],3,,,,,,,,,,,
-0.234666026,Method in [22],3,,,,,,,,,,,
0.117498887,Method in [22],3,,,,,,,,,,,
0.286638247,Method in [22],4,,,,,,,,,,,
0.32154667,Method in [22],4,,,,,,,,,,,
0.008769867,Method in [22],4,,,,,,,,,,,
1.037526429,Method in [22],4,,,,,,,,,,,
0.172148018,Method in [22],4,,,,,,,,,,,
0.130117225,Method in [22],4,,,,,,,,,,,
-0.150006802,Method in [22],4,,,,,,,,,,,
-0.094942111,Method in [22],4,,,,,,,,,,,
0.042108523,Method in [22],4,,,,,,,,,,,
-0.012830658,Method in [22],4,,,,,,,,,,,
-0.020685568,Method in [22],4,,,,,,,,,,,
-0.02647742,Method in [22],4,,,,,,,,,,,
-0.156715709,Method in [22],4,,,,,,,,,,,
-0.044437778,Method in [22],4,,,,,,,,,,,
-0.092715122,Method in [22],4,,,,,,,,,,,
-0.098962416,Method in [22],4,,,,,,,,,,,
-0.153030606,Method in [22],4,,,,,,,,,,,
-0.130148062,Method in [22],4,,,,,,,,,,,
-0.104097122,Method in [22],4,,,,,,,,,,,
-0.122027628,Method in [22],4,,,,,,,,,,,
-0.134559,Method in [22],4,,,,,,,,,,,
-0.167305427,Method in [22],4,,,,,,,,,,,
-0.137357647,Method in [22],4,,,,,,,,,,,
-0.014027417,Method in [22],4,,,,,,,,,,,
0.477690797,Method in [22],5,,,,,,,,,,,
0.450734512,Method in [22],5,,,,,,,,,,,
0.103865705,Method in [22],5,,,,,,,,,,,
0.292916737,Method in [22],5,,,,,,,,,,,
0.957058609,Method in [22],5,,,,,,,,,,,
0.298682354,Method in [22],5,,,,,,,,,,,
-0.057856841,Method in [22],5,,,,,,,,,,,
-0.007664279,Method in [22],5,,,,,,,,,,,
0.056407576,Method in [22],5,,,,,,,,,,,
0.166323058,Method in [22],5,,,,,,,,,,,
0.077419707,Method in [22],5,,,,,,,,,,,
0.072164953,Method in [22],5,,,,,,,,,,,
-0.056580551,Method in [22],5,,,,,,,,,,,
0.054775814,Method in [22],5,,,,,,,,,,,
0.010797322,Method in [22],5,,,,,,,,,,,
0.004986426,Method in [22],5,,,,,,,,,,,
-0.046166688,Method in [22],5,,,,,,,,,,,
-0.022526188,Method in [22],5,,,,,,,,,,,
-0.000464312,Method in [22],5,,,,,,,,,,,
-0.017046183,Method in [22],5,,,,,,,,,,,
-0.026438556,Method in [22],5,,,,,,,,,,,
-0.055474544,Method in [22],5,,,,,,,,,,,
-0.031026044,Method in [22],5,,,,,,,,,,,
0.08070062,Method in [22],5,,,,,,,,,,,
0.373071921,Method in [22],6,,,,,,,,,,,
0.391098149,Method in [22],6,,,,,,,,,,,
0.168018066,Method in [22],6,,,,,,,,,,,
0.359900036,Method in [22],6,,,,,,,,,,,
0.401713764,Method in [22],6,,,,,,,,,,,
1.063781252,Method in [22],6,,,,,,,,,,,
0.102533157,Method in [22],6,,,,,,,,,,,
0.183591887,Method in [22],6,,,,,,,,,,,
0.169640962,Method in [22],6,,,,,,,,,,,
0.326434308,Method in [22],6,,,,,,,,,,,
0.202099731,Method in [22],6,,,,,,,,,,,
0.196046424,Method in [22],6,,,,,,,,,,,
0.053135835,Method in [22],6,,,,,,,,,,,
0.155618412,Method in [22],6,,,,,,,,,,,
0.062017529,Method in [22],6,,,,,,,,,,,
0.06262687,Method in [22],6,,,,,,,,,,,
-0.008897226,Method in [22],6,,,,,,,,,,,
0.008853244,Method in [22],6,,,,,,,,,,,
0.066016968,Method in [22],6,,,,,,,,,,,
0.047195532,Method in [22],6,,,,,,,,,,,
0.000703311,Method in [22],6,,,,,,,,,,,
-0.049120858,Method in [22],6,,,,,,,,,,,
0.028204621,Method in [22],6,,,,,,,,,,,
0.147431054,Method in [22],6,,,,,,,,,,,
-0.001621755,Method in [22],7,,,,,,,,,,,
-0.001415863,Method in [22],7,,,,,,,,,,,
-0.027712766,Method in [22],7,,,,,,,,,,,
0.02863609,Method in [22],7,,,,,,,,,,,
0.032607008,Method in [22],7,,,,,,,,,,,
0.042656969,Method in [22],7,,,,,,,,,,,
0.875263713,Method in [22],7,,,,,,,,,,,
0.518871584,Method in [22],7,,,,,,,,,,,
0.008912045,Method in [22],7,,,,,,,,,,,
0.015938202,Method in [22],7,,,,,,,,,,,
-0.006293017,Method in [22],7,,,,,,,,,,,
-0.009899159,Method in [22],7,,,,,,,,,,,
-0.074119745,Method in [22],7,,,,,,,,,,,
-0.023486252,Method in [22],7,,,,,,,,,,,
-0.055456256,Method in [22],7,,,,,,,,,,,
-0.053512952,Method in [22],7,,,,,,,,,,,
-0.045650329,Method in [22],7,,,,,,,,,,,
-0.071168665,Method in [22],7,,,,,,,,,,,
-0.054345474,Method in [22],7,,,,,,,,,,,
-0.062255918,Method in [22],7,,,,,,,,,,,
-0.073511533,Method in [22],7,,,,,,,,,,,
-0.089772304,Method in [22],7,,,,,,,,,,,
-0.068820432,Method in [22],7,,,,,,,,,,,
-0.028232909,Method in [22],7,,,,,,,,,,,
0.016641957,Method in [22],8,,,,,,,,,,,
0.019450567,Method in [22],8,,,,,,,,,,,
-0.02580258,Method in [22],8,,,,,,,,,,,
0.116267875,Method in [22],8,,,,,,,,,,,
0.097096447,Method in [22],8,,,,,,,,,,,
0.155655604,Method in [22],8,,,,,,,,,,,
0.508173865,Method in [22],8,,,,,,,,,,,
0.880648591,Method in [22],8,,,,,,,,,,,
0.041589934,Method in [22],8,,,,,,,,,,,
0.063511241,Method in [22],8,,,,,,,,,,,
0.015224537,Method in [22],8,,,,,,,,,,,
0.008582544,Method in [22],8,,,,,,,,,,,
-0.100007631,Method in [22],8,,,,,,,,,,,
-0.029721713,Method in [22],8,,,,,,,,,,,
-0.124010823,Method in [22],8,,,,,,,,,,,
-0.120216866,Method in [22],8,,,,,,,,,,,
-0.163642753,Method in [22],8,,,,,,,,,,,
-0.175409808,Method in [22],8,,,,,,,,,,,
-0.113860722,Method in [22],8,,,,,,,,,,,
-0.13064612,Method in [22],8,,,,,,,,,,,
-0.183592827,Method in [22],8,,,,,,,,,,,
-0.233494387,Method in [22],8,,,,,,,,,,,
-0.148193464,Method in [22],8,,,,,,,,,,,
-0.044209723,Method in [22],8,,,,,,,,,,,
-0.005047733,Method in [22],9,,,,,,,,,,,
-0.000920813,Method in [22],9,,,,,,,,,,,
-0.012409452,Method in [22],9,,,,,,,,,,,
0.095430009,Method in [22],9,,,,,,,,,,,
-0.014224214,Method in [22],9,,,,,,,,,,,
0.004202243,Method in [22],9,,,,,,,,,,,
-0.14311391,Method in [22],9,,,,,,,,,,,
-0.105250041,Method in [22],9,,,,,,,,,,,
0.114939414,Method in [22],9,,,,,,,,,,,
-0.03248688,Method in [22],9,,,,,,,,,,,
0.00483905,Method in [22],9,,,,,,,,,,,
0.002351598,Method in [22],9,,,,,,,,,,,
-0.122322559,Method in [22],9,,,,,,,,,,,
-0.015113045,Method in [22],9,,,,,,,,,,,
-0.047165303,Method in [22],9,,,,,,,,,,,
-0.051063111,Method in [22],9,,,,,,,,,,,
-0.0932498,Method in [22],9,,,,,,,,,,,
-0.067640571,Method in [22],9,,,,,,,,,,,
-0.057032624,Method in [22],9,,,,,,,,,,,
-0.069089216,Method in [22],9,,,,,,,,,,,
-0.070104559,Method in [22],9,,,,,,,,,,,
-0.087708527,Method in [22],9,,,,,,,,,,,
-0.078740494,Method in [22],9,,,,,,,,,,,
-0.006091589,Method in [22],9,,,,,,,,,,,
0.180118273,Method in [22],10,,,,,,,,,,,
0.182492437,Method in [22],10,,,,,,,,,,,
0.097206011,Method in [22],10,,,,,,,,,,,
0.185228765,Method in [22],10,,,,,,,,,,,
0.245854942,Method in [22],10,,,,,,,,,,,
0.317815309,Method in [22],10,,,,,,,,,,,
0.017575137,Method in [22],10,,,,,,,,,,,
0.066789285,Method in [22],10,,,,,,,,,,,
0.109325456,Method in [22],10,,,,,,,,,,,
0.278883275,Method in [22],10,,,,,,,,,,,
0.153088751,Method in [22],10,,,,,,,,,,,
0.150824812,Method in [22],10,,,,,,,,,,,
0.019767968,Method in [22],10,,,,,,,,,,,
0.120262038,Method in [22],10,,,,,,,,,,,
0.064395252,Method in [22],10,,,,,,,,,,,
0.065040705,Method in [22],10,,,,,,,,,,,
0.014767592,Method in [22],10,,,,,,,,,,,
0.037940476,Method in [22],10,,,,,,,,,,,
0.063973305,Method in [22],10,,,,,,,,,,,
0.052545496,Method in [22],10,,,,,,,,,,,
0.03363887,Method in [22],10,,,,,,,,,,,
0.008889382,Method in [22],10,,,,,,,,,,,
0.04184431,Method in [22],10,,,,,,,,,,,
0.101882906,Method in [22],10,,,,,,,,,,,
0.075585596,Method in [22],11,,,,,,,,,,,
0.077709784,Method in [22],11,,,,,,,,,,,
0.073045886,Method in [22],11,,,,,,,,,,,
0.109554694,Method in [22],11,,,,,,,,,,,
0.087534155,Method in [22],11,,,,,,,,,,,
0.121787961,Method in [22],11,,,,,,,,,,,
-0.081902822,Method in [22],11,,,,,,,,,,,
-0.053658182,Method in [22],11,,,,,,,,,,,
0.084666077,Method in [22],11,,,,,,,,,,,
0.092489554,Method in [22],11,,,,,,,,,,,
0.127613902,Method in [22],11,,,,,,,,,,,
0.044572054,Method in [22],11,,,,,,,,,,,
-0.042917896,Method in [22],11,,,,,,,,,,,
0.086413398,Method in [22],11,,,,,,,,,,,
0.033000672,Method in [22],11,,,,,,,,,,,
0.032561371,Method in [22],11,,,,,,,,,,,
-0.01119342,Method in [22],11,,,,,,,,,,,
0.014890093,Method in [22],11,,,,,,,,,,,
0.022002955,Method in [22],11,,,,,,,,,,,
0.006385597,Method in [22],11,,,,,,,,,,,
0.012014905,Method in [22],11,,,,,,,,,,,
-0.004528579,Method in [22],11,,,,,,,,,,,
-0.005033475,Method in [22],11,,,,,,,,,,,
0.05847894,Method in [22],11,,,,,,,,,,,
0.059899952,Method in [22],12,,,,,,,,,,,
0.062279889,Method in [22],12,,,,,,,,,,,
0.043853727,Method in [22],12,,,,,,,,,,,
0.09186154,Method in [22],12,,,,,,,,,,,
0.070777979,Method in [22],12,,,,,,,,,,,
0.104399316,Method in [22],12,,,,,,,,,,,
-0.095680475,Method in [22],12,,,,,,,,,,,
-0.070897728,Method in [22],12,,,,,,,,,,,
0.07251343,Method in [22],12,,,,,,,,,,,
0.080558742,Method in [22],12,,,,,,,,,,,
0.034863869,Method in [22],12,,,,,,,,,,,
0.113749257,Method in [22],12,,,,,,,,,,,
-0.050908483,Method in [22],12,,,,,,,,,,,
0.027108454,Method in [22],12,,,,,,,,,,,
0.00750318,Method in [22],12,,,,,,,,,,,
0.005611543,Method in [22],12,,,,,,,,,,,
-0.035023948,Method in [22],12,,,,,,,,,,,
-0.007935631,Method in [22],12,,,,,,,,,,,
0.007649811,Method in [22],12,,,,,,,,,,,
0.003886968,Method in [22],12,,,,,,,,,,,
-0.010124284,Method in [22],12,,,,,,,,,,,
-0.023669082,Method in [22],12,,,,,,,,,,,
-0.000767518,Method in [22],12,,,,,,,,,,,
0.032745337,Method in [22],12,,,,,,,,,,,
0.015505728,Method in [22],13,,,,,,,,,,,
0.017100236,Method in [22],13,,,,,,,,,,,
0.021048065,Method in [22],13,,,,,,,,,,,
0.022671301,Method in [22],13,,,,,,,,,,,
0.00323602,Method in [22],13,,,,,,,,,,,
0.023349082,Method in [22],13,,,,,,,,,,,
-0.099225341,Method in [22],13,,,,,,,,,,,
-0.11863785,Method in [22],13,,,,,,,,,,,
0.019313418,Method in [22],13,,,,,,,,,,,
0.020422215,Method in [22],13,,,,,,,,,,,
0.019727324,Method in [22],13,,,,,,,,,,,
0.021626931,Method in [22],13,,,,,,,,,,,
0.027657394,Method in [22],13,,,,,,,,,,,
0.01907245,Method in [22],13,,,,,,,,,,,
0.0159183,Method in [22],13,,,,,,,,,,,
0.014399006,Method in [22],13,,,,,,,,,,,
-0.021078751,Method in [22],13,,,,,,,,,,,
0.011863379,Method in [22],13,,,,,,,,,,,
0.016209146,Method in [22],13,,,,,,,,,,,
0.016970277,Method in [22],13,,,,,,,,,,,
0.011158241,Method in [22],13,,,,,,,,,,,
0.008252949,Method in [22],13,,,,,,,,,,,
0.016463898,Method in [22],13,,,,,,,,,,,
0.018561882,Method in [22],13,,,,,,,,,,,
-0.003903755,Method in [22],14,,,,,,,,,,,
-0.004139185,Method in [22],14,,,,,,,,,,,
0.060396096,Method in [22],14,,,,,,,,,,,
-0.014581328,Method in [22],14,,,,,,,,,,,
-0.032062496,Method in [22],14,,,,,,,,,,,
-0.025298563,Method in [22],14,,,,,,,,,,,
-0.207208369,Method in [22],14,,,,,,,,,,,
-0.206568977,Method in [22],14,,,,,,,,,,,
-0.016882012,Method in [22],14,,,,,,,,,,,
-0.023841324,Method in [22],14,,,,,,,,,,,
0.007033596,Method in [22],14,,,,,,,,,,,
-0.043813257,Method in [22],14,,,,,,,,,,,
-0.122361097,Method in [22],14,,,,,,,,,,,
0.182223388,Method in [22],14,,,,,,,,,,,
0.085590527,Method in [22],14,,,,,,,,,,,
0.089877102,Method in [22],14,,,,,,,,,,,
0.056179256,Method in [22],14,,,,,,,,,,,
0.08481133,Method in [22],14,,,,,,,,,,,
0.051161396,Method in [22],14,,,,,,,,,,,
0.018332745,Method in [22],14,,,,,,,,,,,
0.083467017,Method in [22],14,,,,,,,,,,,
0.081630347,Method in [22],14,,,,,,,,,,,
0.000441859,Method in [22],14,,,,,,,,,,,
0.065205528,Method in [22],14,,,,,,,,,,,
-0.161891531,Method in [22],15,,,,,,,,,,,
-0.166254048,Method in [22],15,,,,,,,,,,,
0.008458474,Method in [22],15,,,,,,,,,,,
-0.263537777,Method in [22],15,,,,,,,,,,,
-0.269751763,Method in [22],15,,,,,,,,,,,
-0.317841909,Method in [22],15,,,,,,,,,,,
-0.46055223,Method in [22],15,,,,,,,,,,,
-0.515956622,Method in [22],15,,,,,,,,,,,
-0.212006947,Method in [22],15,,,,,,,,,,,
-0.246507558,Method in [22],15,,,,,,,,,,,
-0.207049904,Method in [22],15,,,,,,,,,,,
-0.224330299,Method in [22],15,,,,,,,,,,,
-0.283822513,Method in [22],15,,,,,,,,,,,
-0.069377006,Method in [22],15,,,,,,,,,,,
0.158164276,Method in [22],15,,,,,,,,,,,
0.085686654,Method in [22],15,,,,,,,,,,,
0.109170092,Method in [22],15,,,,,,,,,,,
0.157884617,Method in [22],15,,,,,,,,,,,
0.017493483,Method in [22],15,,,,,,,,,,,
-0.023454167,Method in [22],15,,,,,,,,,,,
0.17303012,Method in [22],15,,,,,,,,,,,
0.197458102,Method in [22],15,,,,,,,,,,,
-0.039003983,Method in [22],15,,,,,,,,,,,
0.049770237,Method in [22],15,,,,,,,,,,,
-0.161238232,Method in [22],16,,,,,,,,,,,
-0.16447235,Method in [22],16,,,,,,,,,,,
-0.029790152,Method in [22],16,,,,,,,,,,,
-0.250471604,Method in [22],16,,,,,,,,,,,
-0.256907654,Method in [22],16,,,,,,,,,,,
-0.296469852,Method in [22],16,,,,,,,,,,,
-0.440045557,Method in [22],16,,,,,,,,,,,
-0.491334428,Method in [22],16,,,,,,,,,,,
-0.19992761,Method in [22],16,,,,,,,,,,,
-0.228769286,Method in [22],16,,,,,,,,,,,
-0.19138405,Method in [22],16,,,,,,,,,,,
-0.21027967,Method in [22],16,,,,,,,,,,,
-0.26980608,Method in [22],16,,,,,,,,,,,
-0.049766821,Method in [22],16,,,,,,,,,,,
0.097916898,Method in [22],16,,,,,,,,,,,
0.104479518,Method in [22],16,,,,,,,,,,,
0.09764281,Method in [22],16,,,,,,,,,,,
0.133335914,Method in [22],16,,,,,,,,,,,
0.034497804,Method in [22],16,,,,,,,,,,,
-0.009766788,Method in [22],16,,,,,,,,,,,
0.136767449,Method in [22],16,,,,,,,,,,,
0.168179005,Method in [22],16,,,,,,,,,,,
-0.027777223,Method in [22],16,,,,,,,,,,,
0.005543793,Method in [22],16,,,,,,,,,,,
-0.284189783,Method in [22],17,,,,,,,,,,,
-0.288655806,Method in [22],17,,,,,,,,,,,
-0.133849803,Method in [22],17,,,,,,,,,,,
-0.416151339,Method in [22],17,,,,,,,,,,,
-0.415452924,Method in [22],17,,,,,,,,,,,
-0.47952595,Method in [22],17,,,,,,,,,,,
-0.60405472,Method in [22],17,,,,,,,,,,,
-0.683992263,Method in [22],17,,,,,,,,,,,
-0.332280348,Method in [22],17,,,,,,,,,,,
-0.371562815,Method in [22],17,,,,,,,,,,,
-0.322746055,Method in [22],17,,,,,,,,,,,
-0.338789059,Method in [22],17,,,,,,,,,,,
-0.387251132,Method in [22],17,,,,,,,,,,,
-0.167199834,Method in [22],17,,,,,,,,,,,
0.045161717,Method in [22],17,,,,,,,,,,,
0.021914383,Method in [22],17,,,,,,,,,,,
0.139667522,Method in [22],17,,,,,,,,,,,
0.159581663,Method in [22],17,,,,,,,,,,,
-0.052796883,Method in [22],17,,,,,,,,,,,
-0.091250423,Method in [22],17,,,,,,,,,,,
0.148175278,Method in [22],17,,,,,,,,,,,
0.212407475,Method in [22],17,,,,,,,,,,,
-0.102334697,Method in [22],17,,,,,,,,,,,
-0.083287127,Method in [22],17,,,,,,,,,,,
-0.319812989,Method in [22],18,,,,,,,,,,,
-0.324714957,Method in [22],18,,,,,,,,,,,
-0.161428096,Method in [22],18,,,,,,,,,,,
-0.465233349,Method in [22],18,,,,,,,,,,,
-0.462400576,Method in [22],18,,,,,,,,,,,
-0.53428048,Method in [22],18,,,,,,,,,,,
-0.653097071,Method in [22],18,,,,,,,,,,,
-0.741797031,Method in [22],18,,,,,,,,,,,
-0.371414125,Method in [22],18,,,,,,,,,,,
-0.414142193,Method in [22],18,,,,,,,,,,,
-0.361789418,Method in [22],18,,,,,,,,,,,
-0.376888286,Method in [22],18,,,,,,,,,,,
-0.422062563,Method in [22],18,,,,,,,,,,,
-0.202349543,Method in [22],18,,,,,,,,,,,
0.034108335,Method in [22],18,,,,,,,,,,,
-0.002832567,Method in [22],18,,,,,,,,,,,
0.100964106,Method in [22],18,,,,,,,,,,,
0.187296046,Method in [22],18,,,,,,,,,,,
-0.078838653,Method in [22],18,,,,,,,,,,,
-0.115363664,Method in [22],18,,,,,,,,,,,
0.163165383,Method in [22],18,,,,,,,,,,,
0.213768913,Method in [22],18,,,,,,,,,,,
-0.124240693,Method in [22],18,,,,,,,,,,,
-0.106034071,Method in [22],18,,,,,,,,,,,
-0.131340224,Method in [22],19,,,,,,,,,,,
-0.133585838,Method in [22],19,,,,,,,,,,,
-0.030238173,Method in [22],19,,,,,,,,,,,
-0.20570389,Method in [22],19,,,,,,,,,,,
-0.213444606,Method in [22],19,,,,,,,,,,,
-0.243397128,Method in [22],19,,,,,,,,,,,
-0.385526333,Method in [22],19,,,,,,,,,,,
-0.431861369,Method in [22],19,,,,,,,,,,,
-0.160606137,Method in [22],19,,,,,,,,,,,
-0.183961531,Method in [22],19,,,,,,,,,,,
-0.157566494,Method in [22],19,,,,,,,,,,,
-0.162394774,Method in [22],19,,,,,,,,,,,
-0.222474348,Method in [22],19,,,,,,,,,,,
-0.045889832,Method in [22],19,,,,,,,,,,,
0.074638551,Method in [22],19,,,,,,,,,,,
0.078676975,Method in [22],19,,,,,,,,,,,
0.069484313,Method in [22],19,,,,,,,,,,,
0.105205064,Method in [22],19,,,,,,,,,,,
0.131815305,Method in [22],19,,,,,,,,,,,
0.070120881,Method in [22],19,,,,,,,,,,,
0.108445848,Method in [22],19,,,,,,,,,,,
0.13614964,Method in [22],19,,,,,,,,,,,
0.041389396,Method in [22],19,,,,,,,,,,,
-0.00125853,Method in [22],19,,,,,,,,,,,
-0.154866568,Method in [22],20,,,,,,,,,,,
-0.156656014,Method in [22],20,,,,,,,,,,,
-0.077220265,Method in [22],20,,,,,,,,,,,
-0.234265938,Method in [22],20,,,,,,,,,,,
-0.239867149,Method in [22],20,,,,,,,,,,,
-0.271563716,Method in [22],20,,,,,,,,,,,
-0.40383018,Method in [22],20,,,,,,,,,,,
-0.458490351,Method in [22],20,,,,,,,,,,,
-0.178577728,Method in [22],20,,,,,,,,,,,
-0.201173524,Method in [22],20,,,,,,,,,,,
-0.179183626,Method in [22],20,,,,,,,,,,,
-0.171055644,Method in [22],20,,,,,,,,,,,
-0.226482588,Method in [22],20,,,,,,,,,,,
-0.08591015,Method in [22],20,,,,,,,,,,,
0.028468399,Method in [22],20,,,,,,,,,,,
0.029362491,Method in [22],20,,,,,,,,,,,
0.026519668,Method in [22],20,,,,,,,,,,,
0.064499764,Method in [22],20,,,,,,,,,,,
0.065098998,Method in [22],20,,,,,,,,,,,
0.110309197,Method in [22],20,,,,,,,,,,,
0.06917656,Method in [22],20,,,,,,,,,,,
0.103070785,Method in [22],20,,,,,,,,,,,
0.075258704,Method in [22],20,,,,,,,,,,,
-0.04747277,Method in [22],20,,,,,,,,,,,
-0.342561422,Method in [22],21,,,,,,,,,,,
-0.347769479,Method in [22],21,,,,,,,,,,,
-0.177439179,Method in [22],21,,,,,,,,,,,
-0.496067841,Method in [22],21,,,,,,,,,,,
-0.492060361,Method in [22],21,,,,,,,,,,,
-0.568712175,Method in [22],21,,,,,,,,,,,
-0.684366532,Method in [22],21,,,,,,,,,,,
-0.778089718,Method in [22],21,,,,,,,,,,,
-0.396764093,Method in [22],21,,,,,,,,,,,
-0.4417173,Method in [22],21,,,,,,,,,,,
-0.387320707,Method in [22],21,,,,,,,,,,,
-0.401804925,Method in [22],21,,,,,,,,,,,
-0.445186496,Method in [22],21,,,,,,,,,,,
-0.226001795,Method in [22],21,,,,,,,,,,,
0.028485863,Method in [22],21,,,,,,,,,,,
-0.020767897,Method in [22],21,,,,,,,,,,,
0.068235534,Method in [22],21,,,,,,,,,,,
0.142064682,Method in [22],21,,,,,,,,,,,
-0.097369397,Method in [22],21,,,,,,,,,,,
-0.132640154,Method in [22],21,,,,,,,,,,,
0.178732201,Method in [22],21,,,,,,,,,,,
0.21460668,Method in [22],21,,,,,,,,,,,
-0.140163745,Method in [22],21,,,,,,,,,,,
-0.119009755,Method in [22],21,,,,,,,,,,,
-0.5646306,Method in [22],22,,,,,,,,,,,
-0.570875098,Method in [22],22,,,,,,,,,,,
-0.396924312,Method in [22],22,,,,,,,,,,,
-0.770547255,Method in [22],22,,,,,,,,,,,
-0.756649744,Method in [22],22,,,,,,,,,,,
-0.862500098,Method in [22],22,,,,,,,,,,,
-0.951917574,Method in [22],22,,,,,,,,,,,
-1.083372521,Method in [22],22,,,,,,,,,,,
-0.625005239,Method in [22],22,,,,,,,,,,,
-0.681150467,Method in [22],22,,,,,,,,,,,
-0.611968558,Method in [22],22,,,,,,,,,,,
-0.623436796,Method in [22],22,,,,,,,,,,,
-0.651288269,Method in [22],22,,,,,,,,,,,
-0.428643715,Method in [22],22,,,,,,,,,,,
-0.13240602,Method in [22],22,,,,,,,,,,,
-0.174904646,Method in [22],22,,,,,,,,,,,
-0.045913575,Method in [22],22,,,,,,,,,,,
0.014478422,Method in [22],22,,,,,,,,,,,
-0.259254633,Method in [22],22,,,,,,,,,,,
-0.288399471,Method in [22],22,,,,,,,,,,,
0.037802185,Method in [22],22,,,,,,,,,,,
0.338501233,Method in [22],22,,,,,,,,,,,
-0.28770273,Method in [22],22,,,,,,,,,,,
-0.320745422,Method in [22],22,,,,,,,,,,,
-0.192901638,Method in [22],23,,,,,,,,,,,
-0.194591301,Method in [22],23,,,,,,,,,,,
-0.127145666,Method in [22],23,,,,,,,,,,,
-0.281945515,Method in [22],23,,,,,,,,,,,
-0.285107052,Method in [22],23,,,,,,,,,,,
-0.321619595,Method in [22],23,,,,,,,,,,,
-0.445112903,Method in [22],23,,,,,,,,,,,
-0.509217101,Method in [22],23,,,,,,,,,,,
-0.214545797,Method in [22],23,,,,,,,,,,,
-0.238237918,Method in [22],23,,,,,,,,,,,
-0.216750812,Method in [22],23,,,,,,,,,,,
-0.201076266,Method in [22],23,,,,,,,,,,,
-0.251982415,Method in [22],23,,,,,,,,,,,
-0.130836334,Method in [22],23,,,,,,,,,,,
-0.013252246,Method in [22],23,,,,,,,,,,,
-0.014472739,Method in [22],23,,,,,,,,,,,
-0.010586784,Method in [22],23,,,,,,,,,,,
0.029502629,Method in [22],23,,,,,,,,,,,
0.010753688,Method in [22],23,,,,,,,,,,,
0.050443074,Method in [22],23,,,,,,,,,,,
0.035588405,Method in [22],23,,,,,,,,,,,
0.076508545,Method in [22],23,,,,,,,,,,,
0.078057696,Method in [22],23,,,,,,,,,,,
-0.094671628,Method in [22],23,,,,,,,,,,,
-0.016820216,Method in [22],24,,,,,,,,,,,
-0.02364406,Method in [22],24,,,,,,,,,,,
0.287541625,Method in [22],24,,,,,,,,,,,
-0.084324604,Method in [22],24,,,,,,,,,,,
-0.104555295,Method in [22],24,,,,,,,,,,,
-0.139377238,Method in [22],24,,,,,,,,,,,
-0.318236193,Method in [22],24,,,,,,,,,,,
-0.331933537,Method in [22],24,,,,,,,,,,,
-0.098141616,Method in [22],24,,,,,,,,,,,
-0.136162815,Method in [22],24,,,,,,,,,,,
-0.111666914,Method in [22],24,,,,,,,,,,,
-0.127646765,Method in [22],24,,,,,,,,,,,
-0.210208711,Method in [22],24,,,,,,,,,,,
-0.020916142,Method in [22],24,,,,,,,,,,,
0.120301111,Method in [22],24,,,,,,,,,,,
0.064665542,Method in [22],24,,,,,,,,,,,
0.059330781,Method in [22],24,,,,,,,,,,,
0.099155539,Method in [22],24,,,,,,,,,,,
0.014426612,Method in [22],24,,,,,,,,,,,
-0.023820995,Method in [22],24,,,,,,,,,,,
0.107679471,Method in [22],24,,,,,,,,,,,
0.106843862,Method in [22],24,,,,,,,,,,,
-0.042855997,Method in [22],24,,,,,,,,,,,
0.324811299,Method in [22],24,,,,,,,,,,,
,,,,,,,,,,,,,
,,,,,,,,,,,,,
,,,,,,,,,,,,,
,,,,,,,,,,,,,
,,,,,,,,,,,,,
,,,,,,,,,,,,,
,,,,,,,,,,,,,
,,,,,,,,,,,,,
,,,,,,,,,,,,,
,,,,,,,,,,,,,
,,,,,,,,,,,,,
,,,,,,,,,,,,,
,,,,,,,,,,,,,
,,,,,,,,,,,,,
,,,,,,,,,,,,,
,,,,,,,,,,,,,
,,,,,,,,,,,,,
,,,,,,,,,,,,,
,,,,,,,,,,,,,
,,,,,,,,,,,,,
,,,,,,,,,,,,,
,,,,,,,,,,,,,
,,,,,,,,,,,,,
,,,,,,,,,,,,,
,,,,,,,,,,,,,
,,,,,,,,,,,,,
,,,,,,,,,,,,,
,,,,,,,,,,,,,
,,,,,,,,,,,,,
,,,,,,,,,,,,,
,,,,,,,,,,,,,
,,,,,,,,,,,,,
,,,,,,,,,,,,,
,,,,,,,,,,,,,
,,,,,,,,,,,,,
,,,,,,,,,,,,,
,,,,,,,,,,,,,
,,,,,,,,,,,,,
,,,,,,,,,,,,,
,,,,,,,,,,,,,
,,,,,,,,,,,,,
,,,,,,,,,,,,,
,,,,,,,,,,,,,
,,,,,,,,,,,,,
,,,,,,,,,,,,,
,,,,,,,,,,,,,
,,,,,,,,,,,,,
,,,,,,,,,,,,,
