Bus Number,14,,30бо,,57,,118,,500,,2383,,2736,,2737,,2746',
,LMP(congestion),Offering price,LMP(congestion),Offering price,LMP(congestion),Offering price,LMP(congestion),Offering price,LMP(congestion),Offering price,LMP(congestion),Offering price,LMP(congestion),Offering price,LMP(congestion),Offering price,LMP(congestion),Offering price
GEN 1,0,26.09277521,0,26.13119608,0,45.80994822,0,40.94788484,/,/,/,/,/,/,/,/,/,/
GEN 2,17.21228681,43.64466911,17.17924058,43.70462402,/,/,-5.43153358322242E/6,40.15468095,/,/,/,/,/,/,/,/,/,/
GEN 3,/,/,/,/,/.12526770848757,45.47926589,/.08630671664448E/5,40.57719357,/,/,/,/,/,/,/,/,/,/
GEN 4,12.92213429,40.13394339,13.37822288,40.7069693,-5.151817993,41.20090454,/,/,/,/,0,128.73,/,/,/,/,/,/
GEN 5,13.49949851,40.73292047,13.17679289,40.47990695,-8.686359111,36.66851796,-9.784581049,29.42666652,/,/,23.16931218,158.23,/,/,/,/,/,/
GEN 6,,,/,/,/,/,1.08630671664448E/5,40.78909846,/,/,/,/,/,/,/,/,/,/
GEN 7,,,,,/,/,0,40.69744188,/,/,/,/,/,/,/,/,/,/
GEN 8,,,,,,,/.3578833958056E/6,40.50749449,/,/,/,/,/,/,/,/,/,/
GEN 9,,,,,,,0,40.6442117,/,/,/,/,/,/,/,/,/,/
GEN 10,,,,,,,/,/,/,/,/,/,/,/,/,/,/,/
GEN 11,,,,,,,8.48677122378503E/8,37.80959055,/,/,/,/,/,/,/,/,/,/
GEN 12,,,,,,,0,38.03087548,/,/,/,/,/,/,/,/,/,/
GEN 13,,,,,,,-6.78941697902802E/7,40.34389421,/,/,/,/,/,/,/,/,/,/
GEN 14,,,,,,,6.78941697902802E/7,40.93490492,/4.589968488001,8.143,/,/,0,102.05,/,/,/,/
GEN 15,,,,,,,0,40.45691556,/,/,/,/,/,/,/,/,/,/
GEN 16,,,,,,,-3.39470848951401E/7,40.27718509,/,/,/,/,/,/,/,/,/,/
GEN 17,,,,,,,0,40.37560152,/,/,/,/,/,/,/,/,/,/
GEN 18,,,,,,,1.69735424475701E/7,41.07813094,/,/,/,/,/,/,/,/,/,/
GEN 19,,,,,,,/.69735424475701E/7,40.88966509,/,/,/,/,/,/,/,/,/,/
GEN 20,,,,,,,0,40.21615472,/,/,/,/,/,/,/,/,/,/
GEN 21,,,,,,,1.06084640297313E/8,39.09407092,/,/,/,/,/,/,/,/,/,/
GEN 22,,,,,,,1.06084640297313E/8,40.72623048,/,/,/,/,/,/,/,/,/,/
GEN 23,,,,,,,0,40.71769924,/,/,/,/,/,/,/,/,/,/
GEN 24,,,,,,,1.06084640297313E/8,40.73107736,/,/,/,/,/,/,/,/,/,/
GEN 25,,,,,,,-2.12169280594626E/8,39.45021678,/,/,/,/,/,/,/,/,/,/
GEN 26,,,,,,,-4.24338561189251E/8,38.69538352,/,/,/,/,/,/,/,/,/,/
GEN 27,,,,,,,/,/,/,/,/,/,/,/,/,/,/,/
GEN 28,,,,,,,0,38.18198712,/,/,/,/,/,/,/,/,/,/
GEN 29,,,,,,,2.12169280594626E/8,37.93653979,/,/,/,/,/,/,/,/,/,/
GEN 30,,,,,,,0,37.82274921,/,/,/,/,/,/,/,/,/,/
GEN 31,,,,,,,/,/,/,/,27.3613679,170.74,/,/,/,/,/,/
GEN 32,,,,,,,/,/,/,/,/,/,/,/,/,/,/,/
GEN 33,,,,,,,/,/,/,/,16.00181747,147.6,/,/,/,/,/,/
GEN 34,,,,,,,0,40.45830517,/,/,/,/,/,/,/,/,/,/
GEN 35,,,,,,,0,40.53588937,0.183404499,24.36887196,/,/,/,/,/,/,/,/
GEN 36,,,,,,,/,/,0.183404499,24.37090818,/,/,/,/,/,/,/,/
GEN 37,,,,,,,1.06084640297313E/8,38.17598245,0.183404499,24.37016242,/,/,/,/,/,/,/,/
GEN 38,,,,,,,/,/,0.183404499,24.36353068,/,/,/,/,/,/,/,/
GEN 39,,,,,,,1.06084640297313E/8,38.15214618,/,/,/,/,/,/,/,/,/,/
GEN 40,,,,,,,1.06084640297313E/8,36.41100259,/,/,/,/,/,/,/,/,/,/
GEN 41,,,,,,,/,/,/,/,/,/,/,/,/,/,/,/
GEN 42,,,,,,,/,/,/,/,/,/,/,/,/,/,/,/
GEN 43,,,,,,,/,/,/,/,/,/,/,/,/,/,/,/
GEN 44,,,,,,,/,/,/,/,/,/,/,/,/,/,/,/
GEN 45,,,,,,,1.06084640297313E/8,38.34840817,/,/,/,/,/,/,/,/,/,/
GEN 46,,,,,,,1.06084640297313E/8,39.12783761,/,/,/,/,/,/,/,/,/,/
GEN 47,,,,,,,/,/,/,/,/,/,/,/,/,/,/,/
GEN 48,,,,,,,1.06084640297313E/8,40.12000892,/,/,/,/,/,/,/,/,/,/
GEN 49,,,,,,,1.06084640297313E/8,40.59031201,/,/,/,/,/,/,/,/,/,/
GEN 50,,,,,,,1.06084640297313E/8,40.14487882,/,/,/,/,/,/,/,/,/,/
GEN 51,,,,,,,1.06084640297313E/8,39.56180584,/,/,/,/,/,/,/,/,/,/
GEN 52,,,,,,,2.12169280594626E/8,40.73331583,/,/,/,/,/,/,/,/,/,/
GEN 53,,,,,,,0,40.09627928,/,/,/,/,/,/,/,/,/,/
GEN 54,,,,,,,/,/,/,/,/,/,/,/,/,/,/,/
GEN 55,,,,,,,,,/,/,/,/,/,/,/,/,/,/
GEN 56,,,,,,,,,/,/,/,/,/,/,/,/,/,/
GEN 57,,,,,,,,,,,/,/,/,/,/,/,/,/
GEN 58,,,,,,,,,,,/,/,/,/,/,/,/,/
GEN 59,,,,,,,,,,,/,/,/,/,/,/,/,/
GEN 60,,,,,,,,,,,/,/,/,/,/,/,/,/
GEN 61,,,,,,,,,,,/,/,/,/,/,/,/,/
GEN 62,,,,,,,,,,,/,/,/,/,/,/,/,/
GEN 63,,,,,,,,,,,/,/,/,/,/,/,/,/
GEN 64,,,,,,,,,,,/,/,/,/,/,/,/,/
GEN 65,,,,,,,,,,,/,/,/,/,/,/,/,/
GEN 66,,,,,,,,,,,/,/,/,/,/,/,/,/
GEN 67,,,,,,,,,,,/,/,/,/,/,/,/,/
GEN 68,,,,,,,,,,,/,/,/,/,/,/,/,/
GEN 69,,,,,,,,,,,/,/,/,/,/,/,/,/
GEN 70,,,,,,,,,,,/,/,/,/,/,/,/,/
GEN 71,,,,,,,,,,,/,/,/,/,/,/,/,/
GEN 72,,,,,,,,,,,/,/,/,/,/,/,/,/
GEN 73,,,,,,,,,,,/,/,/,/,/,/,/,/
GEN 74,,,,,,,,,,,/,/,/,/,/,/,/,/
GEN 75,,,,,,,,,,,/,/,/,/,/,/,/,/
GEN 76,,,,,,,,,,,/,/,/,/,/,/,/,/
GEN 77,,,,,,,,,,,/,/,/,/,/,/,/,/
GEN 78,,,,,,,,,,,/,/,/,/,/,/,/,/
GEN 79,,,,,,,,,,,/,/,/,/,/,/,/,/
GEN 80,,,,,,,,,,,/,/,/,/,/,/,/,/
GEN 81,,,,,,,,,,,/,/,/,/,/,/,/,/
GEN 82,,,,,,,,,,,/,/,/,/,0.001356949,90.03,/,/
GEN 83,,,,,,,,,,,/,/,/,/,/,/,/,/
GEN 84,,,,,,,,,,,/,/,/,/,/,/,/,/
GEN 85,,,,,,,,,,,/,/,/,/,/,/,/,/
GEN 86,,,,,,,,,,,/,/,/,/,/,/,/,/
GEN 87,,,,,,,,,,,/,/,/,/,/,/,/,/
GEN 88,,,,,,,,,,,/,/,/,/,/,/,/,/
GEN 89,,,,,,,,,,,/,/,/,/,/,/,/,/
GEN 90,,,,,,,,,,,/,/,/,/,/,/,/,/
GEN 91,,,,,,,,,,,/,/,/,/,/,/,/,/
GEN 92,,,,,,,,,,,/,/,/,/,/,/,/,/
GEN 93,,,,,,,,,,,/,/,/,/,/,/,/,/
GEN 94,,,,,,,,,,,/,/,/,/,/,/,/,/
GEN 95,,,,,,,,,,,/,/,/,/,/,/,/,/
GEN 96,,,,,,,,,,,/,/,/,/,/,/,/,/
GEN 97,,,,,,,,,,,/,/,/,/,/,/,/,/
GEN 98,,,,,,,,,,,/,/,/,/,/,/,/,/
GEN 99,,,,,,,,,,,/,/,/,/,/,/,/,/
GEN 100,,,,,,,,,,,/,/,/,/,/,/,/,/
GEN 101,,,,,,,,,,,/,/,/,/,/,/,/,/
GEN 102,,,,,,,,,,,11.45488979,141.73,/,/,/,/,/,/
GEN 103,,,,,,,,,,,/,/,/,/,/,/,/,/
GEN 104,,,,,,,,,,,/,/,/,/,/,/,/,/
GEN 105,,,,,,,,,,,/,/,/,/,/,/,/,/
GEN 106,,,,,,,,,,,/,/,/,/,/,/,/,/
GEN 107,,,,,,,,,,,/,/,/,/,/,/,/,/
GEN 108,,,,,,,,,,,/,/,/,/,/,/,/,/
GEN 109,,,,,,,,,,,/,/,/,/,/,/,/,/
GEN 110,,,,,,,,,,,/,/,/,/,0.000326565,91.16,/,/
GEN 111,,,,,,,,,,,/,/,/,/,/,/,/,/
GEN 112,,,,,,,,,,,/,/,/,/,/,/,/,/
GEN 113,,,,,,,,,,,/,/,/,/,/,/,/,/
GEN 114,,,,,,,,,,,/,/,/,/,/,/,/,/
GEN 115,,,,,,,,,,,/,/,/,/,/,/,/,/
GEN 116,,,,,,,,,,,/,/,/,/,/,/,/,/
GEN 117,,,,,,,,,,,/,/,/,/,/,/,/,/
GEN 118,,,,,,,,,,,/,/,/,/,/,/,/,/
GEN 119,,,,,,,,,,,/,/,/,/,/,/,/,/
GEN 120,,,,,,,,,,,/,/,/,/,/,/,/,/
GEN 121,,,,,,,,,,,/,/,/,/,/,/,/,/
GEN 122,,,,,,,,,,,/,/,/,/,/,/,/,/
GEN 123,,,,,,,,,,,/,/,/,/,/,/,/,/
GEN 124,,,,,,,,,,,/,/,/,/,/,/,/,/
GEN 125,,,,,,,,,,,/,/,/,/,/,/,/,/
GEN 126,,,,,,,,,,,/,/,/,/,/,/,/,/
GEN 127,,,,,,,,,,,/,/,/,/,/,/,/,/
GEN 128,,,,,,,,,,,/,/,/,/,/,/,/,/
GEN 129,,,,,,,,,,,/,/,/,/,/,/,/,/
GEN 130,,,,,,,,,,,/,/,/,/,/,/,/,/
GEN 131,,,,,,,,,,,/,/,/,/,/,/,/,/
GEN 132,,,,,,,,,,,/,/,/,/,/,/,/,/
GEN 133,,,,,,,,,,,/,/,/,/,/,/,0,102.05
GEN 134,,,,,,,,,,,/,/,/,/,/,/,/,/
GEN 135,,,,,,,,,,,/,/,/,/,/,/,/,/
GEN 136,,,,,,,,,,,/,/,/,/,/,/,/,/
GEN 137,,,,,,,,,,,/,/,/,/,/,/,/,/
GEN 138,,,,,,,,,,,/,/,/,/,/,/,/,/
GEN 139,,,,,,,,,,,/,/,/,/,/,/,/,/
GEN 140,,,,,,,,,,,/,/,/,/,-0.785154159,89.22,/,/
GEN 141,,,,,,,,,,,/,/,/,/,/,/,/,/
GEN 142,,,,,,,,,,,/,/,/,/,/,/,/,/
GEN 143,,,,,,,,,,,/,/,/,/,/,/,/,/
GEN 144,,,,,,,,,,,/,/,/,/,/,/,/,/
GEN 145,,,,,,,,,,,/,/,/,/,/,/,/,/
GEN 146,,,,,,,,,,,/,/,/,/,/,/,/,/
GEN 147,,,,,,,,,,,/,/,/,/,/,/,/,/
GEN 148,,,,,,,,,,,/,/,/,/,/,/,/,/
GEN 149,,,,,,,,,,,/,/,/,/,/,/,/,/
GEN 150,,,,,,,,,,,/,/,/,/,/,/,/,/
GEN 151,,,,,,,,,,,/,/,/,/,/,/,/,/
GEN 152,,,,,,,,,,,/,/,/,/,/,/,/,/
GEN 153,,,,,,,,,,,/,/,/,/,/,/,/,/
GEN 154,,,,,,,,,,,/,/,/,/,/,/,/,/
GEN 155,,,,,,,,,,,/,/,/,/,/,/,/,/
GEN 156,,,,,,,,,,,/,/,/,/,/,/,/,/
GEN 157,,,,,,,,,,,/,/,/,/,/,/,/,/
GEN 158,,,,,,,,,,,/,/,/,/,/,/,/,/
GEN 159,,,,,,,,,,,/,/,/,/,/,/,/,/
GEN 160,,,,,,,,,,,/,/,/,/,/,/,/,/
GEN 161,,,,,,,,,,,/,/,/,/,/,/,/,/
GEN 162,,,,,,,,,,,/,/,/,/,/,/,/,/
GEN 163,,,,,,,,,,,/,/,/,/,/,/,/,/
GEN 164,,,,,,,,,,,/,/,/,/,/,/,/,/
GEN 165,,,,,,,,,,,/,/,/,/,/,/,/,/
GEN 166,,,,,,,,,,,/,/,/,/,/,/,/,/
GEN 167,,,,,,,,,,,/,/,/,/,/,/,/,/
GEN 168,,,,,,,,,,,/,/,/,/,/,/,/,/
GEN 169,,,,,,,,,,,/,/,/,/,/,/,/,/
GEN 170,,,,,,,,,,,/,/,/,/,/,/,/,/
GEN 171,,,,,,,,,,,/,/,/,/,/,/,/,/
GEN 172,,,,,,,,,,,/,/,/,/,/,/,/,/
GEN 173,,,,,,,,,,,/,/,/,/,/,/,/,/
GEN 174,,,,,,,,,,,/,/,/,/,/,/,/,/
GEN 175,,,,,,,,,,,/,/,/,/,/,/,/,/
GEN 176,,,,,,,,,,,-55.69525573,61.4,/,/,/,/,/,/
GEN 177,,,,,,,,,,,/,/,/,/,/,/,/,/
GEN 178,,,,,,,,,,,/,/,/,/,/,/,/,/
GEN 179,,,,,,,,,,,/,/,/,/,/,/,/,/
GEN 180,,,,,,,,,,,/,/,/,/,/,/,/,/
GEN 181,,,,,,,,,,,/,/,0,98.84,/,/,/,/
GEN 182,,,,,,,,,,,/,/,/,/,/,/,/,/
GEN 183,,,,,,,,,,,/,/,/,/,/,/,/,/
GEN 184,,,,,,,,,,,/,/,/,/,/,/,/,/
GEN 185,,,,,,,,,,,/,/,/,/,/,/,/,/
GEN 186,,,,,,,,,,,/,/,/,/,/,/,/,/
GEN 187,,,,,,,,,,,/,/,/,/,/,/,/,/
GEN 188,,,,,,,,,,,/,/,/,/,/,/,/,/
GEN 189,,,,,,,,,,,/,/,/,/,/,/,/,/
GEN 190,,,,,,,,,,,/,/,/,/,/,/,/,/
GEN 191,,,,,,,,,,,/,/,/,/,/,/,/,/
GEN 192,,,,,,,,,,,/,/,/,/,/,/,/,/
GEN 193,,,,,,,,,,,/,/,/,/,/,/,/,/
GEN 194,,,,,,,,,,,/,/,/,/,/,/,/,/
GEN 195,,,,,,,,,,,/,/,/,/,/,/,/,/
GEN 196,,,,,,,,,,,/,/,/,/,/,/,/,/
GEN 197,,,,,,,,,,,/,/,/,/,/,/,/,/
GEN 198,,,,,,,,,,,/,/,/,/,/,/,/,/
GEN 199,,,,,,,,,,,/,/,/,/,/,/,/,/
GEN 200,,,,,,,,,,,/,/,/,/,/,/,/,/
GEN 201,,,,,,,,,,,/,/,/,/,/,/,/,/
GEN 202,,,,,,,,,,,/,/,/,/,/,/,/,/
GEN 203,,,,,,,,,,,/,/,/,/,/,/,/,/
GEN 204,,,,,,,,,,,/,/,/,/,/,/,/,/
GEN 205,,,,,,,,,,,/,/,/,/,/,/,/,/
GEN 206,,,,,,,,,,,/,/,/,/,/,/,/,/
GEN 207,,,,,,,,,,,/,/,/,/,/,/,/,/
GEN 208,,,,,,,,,,,/,/,/,/,/,/,/,/
GEN 209,,,,,,,,,,,/,/,/,/,/,/,/,/
GEN 210,,,,,,,,,,,/,/,/,/,/,/,/,/
GEN 211,,,,,,,,,,,/,/,/,/,/,/,/,/
GEN 212,,,,,,,,,,,/,/,/,/,/,/,/,/
GEN 213,,,,,,,,,,,/,/,/,/,/,/,/,/
GEN 214,,,,,,,,,,,/,/,/,/,/,/,/,/
GEN 215,,,,,,,,,,,/,/,/,/,/,/,/,/
GEN 216,,,,,,,,,,,/,/,/,/,/,/,/,/
GEN 217,,,,,,,,,,,/,/,/,/,/,/,/,/
GEN 218,,,,,,,,,,,/,/,/,/,/,/,/,/
GEN 219,,,,,,,,,,,/,/,/,/,/,/,/,/
GEN 220,,,,,,,,,,,/,/,/,/,,,/,/
GEN 221,,,,,,,,,,,/,/,/,/,,,/,/
GEN 222,,,,,,,,,,,/,/,/,/,,,/,/
GEN 223,,,,,,,,,,,/,/,/,/,,,/,/
GEN 224,,,,,,,,,,,/,/,/,/,,,/,/
GEN 225,,,,,,,,,,,/,/,/,/,,,/,/
GEN 226,,,,,,,,,,,/,/,/,/,,,/,/
GEN 227,,,,,,,,,,,/,/,/,/,,,/,/
GEN 228,,,,,,,,,,,/,/,/,/,,,/,/
GEN 229,,,,,,,,,,,/,/,/,/,,,/,/
GEN 230,,,,,,,,,,,/,/,/,/,,,/,/
GEN 231,,,,,,,,,,,9.649706486,143.58,/,/,,,/,/
GEN 232,,,,,,,,,,,/,/,/,/,,,/,/
GEN 233,,,,,,,,,,,/,/,/,/,,,/,/
GEN 234,,,,,,,,,,,/,/,/,/,,,/,/
GEN 235,,,,,,,,,,,/,/,/,/,,,/,/
GEN 236,,,,,,,,,,,/,/,/,/,,,/,/
GEN 237,,,,,,,,,,,/,/,/,/,,,/,/
GEN 238,,,,,,,,,,,/,/,/,/,,,/,/
GEN 239,,,,,,,,,,,/,/,/,/,,,/,/
GEN 240,,,,,,,,,,,/,/,/,/,,,/,/
GEN 241,,,,,,,,,,,/,/,/,/,,,/,/
GEN 242,,,,,,,,,,,/,/,/,/,,,/,/
GEN 243,,,,,,,,,,,/,/,/,/,,,/,/
GEN 244,,,,,,,,,,,/,/,/,/,,,/,/
GEN 245,,,,,,,,,,,/,/,/,/,,,/,/
GEN 246,,,,,,,,,,,/,/,/,/,,,/,/
GEN 247,,,,,,,,,,,/,/,/,/,,,/,/
GEN 248,,,,,,,,,,,/,/,/,/,,,/,/
GEN 249,,,,,,,,,,,/,/,/,/,,,/,/
GEN 250,,,,,,,,,,,/,/,/,/,,,/,/
GEN 251,,,,,,,,,,,/,/,/,/,,,/,/
GEN 252,,,,,,,,,,,/,/,/,/,,,/,/
GEN 253,,,,,,,,,,,/,/,/,/,,,/,/
GEN 254,,,,,,,,,,,/,/,/,/,,,/,/
GEN 255,,,,,,,,,,,/,/,/,/,,,/,/
GEN 256,,,,,,,,,,,/,/,/,/,,,/,/
GEN 257,,,,,,,,,,,/,/,/,/,,,/,/
GEN 258,,,,,,,,,,,/,/,/,/,,,/,/
GEN 259,,,,,,,,,,,/,/,/,/,,,/,/
GEN 260,,,,,,,,,,,/,/,/,/,,,/,/
GEN 261,,,,,,,,,,,/,/,/,/,,,/,/
GEN 262,,,,,,,,,,,/,/,/,/,,,/,/
GEN 263,,,,,,,,,,,/,/,/,/,,,/,/
GEN 264,,,,,,,,,,,/,/,/,/,,,/,/
GEN 265,,,,,,,,,,,/,/,/,/,,,/,/
GEN 266,,,,,,,,,,,/,/,/,/,,,/,/
GEN 267,,,,,,,,,,,/,/,/,/,,,/,/
GEN 268,,,,,,,,,,,/,/,/,/,,,/,/
GEN 269,,,,,,,,,,,/,/,/,/,,,/,/
GEN 270,,,,,,,,,,,/,/,/,/,,,/,/
GEN 271,,,,,,,,,,,/,/,,,,,/,/
GEN 272,,,,,,,,,,,/,/,,,,,/,/
GEN 273,,,,,,,,,,,/,/,,,,,/,/
GEN 274,,,,,,,,,,,/,/,,,,,/,/
GEN 275,,,,,,,,,,,/,/,,,,,/,/
GEN 276,,,,,,,,,,,/,/,,,,,/,/
GEN 277,,,,,,,,,,,/,/,,,,,/,/
GEN 278,,,,,,,,,,,/,/,,,,,/,/
GEN 279,,,,,,,,,,,/,/,,,,,/,/
GEN 280,,,,,,,,,,,/,/,,,,,/,/
GEN 281,,,,,,,,,,,/,/,,,,,/,/
GEN 282,,,,,,,,,,,/,/,,,,,/,/
GEN 283,,,,,,,,,,,/,/,,,,,/,/
GEN 284,,,,,,,,,,,/,/,,,,,/,/
GEN 285,,,,,,,,,,,/,/,,,,,/,/
GEN 286,,,,,,,,,,,/,/,,,,,/,/
GEN 287,,,,,,,,,,,/,/,,,,,/,/
GEN 288,,,,,,,,,,,/,/,,,,,0,98.84
GEN 289,,,,,,,,,,,/,/,,,,,/,/
GEN 290,,,,,,,,,,,/,/,,,,,/,/
GEN 291,,,,,,,,,,,/,/,,,,,/,/
GEN 292,,,,,,,,,,,/,/,,,,,/,/
GEN 293,,,,,,,,,,,/,/,,,,,/,/
GEN 294,,,,,,,,,,,/,/,,,,,/,/
GEN 295,,,,,,,,,,,/,/,,,,,/,/
GEN 296,,,,,,,,,,,/,/,,,,,/,/
GEN 297,,,,,,,,,,,/,/,,,,,/,/
GEN 298,,,,,,,,,,,/,/,,,,,/,/
GEN 299,,,,,,,,,,,/,/,,,,,/,/
GEN 300,,,,,,,,,,,/,/,,,,,/,/
GEN 301,,,,,,,,,,,/,/,,,,,/,/
GEN 302,,,,,,,,,,,/,/,,,,,/,/
GEN 303,,,,,,,,,,,/,/,,,,,/,/
GEN 304,,,,,,,,,,,/,/,,,,,/,/
GEN 305,,,,,,,,,,,/,/,,,,,/,/
GEN 306,,,,,,,,,,,/,/,,,,,/,/
GEN 307,,,,,,,,,,,/,/,,,,,/,/
GEN 308,,,,,,,,,,,/,/,,,,,/,/
GEN 309,,,,,,,,,,,/,/,,,,,/,/
GEN 310,,,,,,,,,,,/,/,,,,,/,/
GEN 311,,,,,,,,,,,/,/,,,,,/,/
GEN 312,,,,,,,,,,,/,/,,,,,/,/
GEN 313,,,,,,,,,,,/,/,,,,,/,/
GEN 314,,,,,,,,,,,/,/,,,,,/,/
GEN 315,,,,,,,,,,,/,/,,,,,/,/
GEN 316,,,,,,,,,,,/,/,,,,,/,/
GEN 317,,,,,,,,,,,/,/,,,,,/,/
GEN 318,,,,,,,,,,,/,/,,,,,/,/
GEN 319,,,,,,,,,,,/,/,,,,,/,/
GEN 320,,,,,,,,,,,/,/,,,,,/,/
GEN 321,,,,,,,,,,,/,/,,,,,/,/
GEN 322,,,,,,,,,,,/,/,,,,,/,/
GEN 323,,,,,,,,,,,/,/,,,,,/,/
GEN 324,,,,,,,,,,,/,/,,,,,/,/
GEN 325,,,,,,,,,,,/,/,,,,,/,/
GEN 326,,,,,,,,,,,/,/,,,,,/,/
GEN 327,,,,,,,,,,,/,/,,,,,/,/
GEN 328,,,,,,,,,,,,,,,,,/,/
GEN 329,,,,,,,,,,,,,,,,,/,/
GEN 330,,,,,,,,,,,,,,,,,/,/
GEN 331,,,,,,,,,,,,,,,,,/,/
GEN 332,,,,,,,,,,,,,,,,,/,/
GEN 333,,,,,,,,,,,,,,,,,/,/
GEN 334,,,,,,,,,,,,,,,,,/,/
GEN 335,,,,,,,,,,,,,,,,,/,/
GEN 336,,,,,,,,,,,,,,,,,/,/
GEN 337,,,,,,,,,,,,,,,,,/,/
GEN 338,,,,,,,,,,,,,,,,,/,/
GEN 339,,,,,,,,,,,,,,,,,/,/
GEN 340,,,,,,,,,,,,,,,,,/,/
GEN 341,,,,,,,,,,,,,,,,,/,/
GEN 342,,,,,,,,,,,,,,,,,/,/
GEN 343,,,,,,,,,,,,,,,,,/,/
GEN 344,,,,,,,,,,,,,,,,,/,/
GEN 345,,,,,,,,,,,,,,,,,/,/
GEN 346,,,,,,,,,,,,,,,,,/,/
GEN 347,,,,,,,,,,,,,,,,,/,/
GEN 348,,,,,,,,,,,,,,,,,/,/
GEN 349,,,,,,,,,,,,,,,,,/,/
GEN 350,,,,,,,,,,,,,,,,,/,/
GEN 351,,,,,,,,,,,,,,,,,/,/
GEN 352,,,,,,,,,,,,,,,,,/,/
GEN 353,,,,,,,,,,,,,,,,,/,/
GEN 354,,,,,,,,,,,,,,,,,/,/
GEN 355,,,,,,,,,,,,,,,,,/,/
GEN 356,,,,,,,,,,,,,,,,,/,/
GEN 357,,,,,,,,,,,,,,,,,/,/
GEN 358,,,,,,,,,,,,,,,,,/,/
GEN 359,,,,,,,,,,,,,,,,,/,/
GEN 360,,,,,,,,,,,,,,,,,/,/
GEN 361,,,,,,,,,,,,,,,,,/,/
GEN 362,,,,,,,,,,,,,,,,,/,/
GEN 363,,,,,,,,,,,,,,,,,/,/
GEN 364,,,,,,,,,,,,,,,,,/,/
GEN 365,,,,,,,,,,,,,,,,,/,/
GEN 366,,,,,,,,,,,,,,,,,/,/
GEN 367,,,,,,,,,,,,,,,,,/,/
GEN 368,,,,,,,,,,,,,,,,,/,/
GEN 369,,,,,,,,,,,,,,,,,/,/
GEN 370,,,,,,,,,,,,,,,,,/,/
GEN 371,,,,,,,,,,,,,,,,,/,/
GEN 372,,,,,,,,,,,,,,,,,/,/
GEN 373,,,,,,,,,,,,,,,,,/,/
GEN 374,,,,,,,,,,,,,,,,,/,/
GEN 375,,,,,,,,,,,,,,,,,/,/
GEN 376,,,,,,,,,,,,,,,,,/,/
GEN 377,,,,,,,,,,,,,,,,,/,/
GEN 378,,,,,,,,,,,,,,,,,/,/
GEN 379,,,,,,,,,,,,,,,,,/,/
GEN 380,,,,,,,,,,,,,,,,,/,/
GEN 381,,,,,,,,,,,,,,,,,/,/
GEN 382,,,,,,,,,,,,,,,,,/,/
GEN 383,,,,,,,,,,,,,,,,,/,/
GEN 384,,,,,,,,,,,,,,,,,/,/
GEN 385,,,,,,,,,,,,,,,,,/,/
GEN 386,,,,,,,,,,,,,,,,,/,/
GEN 387,,,,,,,,,,,,,,,,,/,/
GEN 388,,,,,,,,,,,,,,,,,/,/
GEN 389,,,,,,,,,,,,,,,,,/,/
GEN 390,,,,,,,,,,,,,,,,,/,/
GEN 391,,,,,,,,,,,,,,,,,/,/
GEN 392,,,,,,,,,,,,,,,,,/,/
GEN 393,,,,,,,,,,,,,,,,,/,/
GEN 394,,,,,,,,,,,,,,,,,/,/
GEN 395,,,,,,,,,,,,,,,,,/,/
GEN 396,,,,,,,,,,,,,,,,,/,/
GEN 397,,,,,,,,,,,,,,,,,/,/
GEN 398,,,,,,,,,,,,,,,,,/,/
GEN 399,,,,,,,,,,,,,,,,,/,/
GEN 400,,,,,,,,,,,,,,,,,/,/
GEN 401,,,,,,,,,,,,,,,,,/,/
GEN 402,,,,,,,,,,,,,,,,,/,/
GEN 403,,,,,,,,,,,,,,,,,/,/
GEN 404,,,,,,,,,,,,,,,,,/,/
GEN 405,,,,,,,,,,,,,,,,,/,/
GEN 406,,,,,,,,,,,,,,,,,/,/
GEN 407,,,,,,,,,,,,,,,,,/,/
GEN 408,,,,,,,,,,,,,,,,,/,/
GEN 409,,,,,,,,,,,,,,,,,/,/
GEN 410,,,,,,,,,,,,,,,,,/,/
GEN 411,,,,,,,,,,,,,,,,,/,/
GEN 412,,,,,,,,,,,,,,,,,/,/
GEN 413,,,,,,,,,,,,,,,,,/,/
GEN 414,,,,,,,,,,,,,,,,,/,/
GEN 415,,,,,,,,,,,,,,,,,/,/
GEN 416,,,,,,,,,,,,,,,,,/,/
GEN 417,,,,,,,,,,,,,,,,,/,/
GEN 418,,,,,,,,,,,,,,,,,/,/
GEN 419,,,,,,,,,,,,,,,,,/,/
GEN 420,,,,,,,,,,,,,,,,,/,/
GEN 421,,,,,,,,,,,,,,,,,/,/
GEN 422,,,,,,,,,,,,,,,,,/,/
GEN 423,,,,,,,,,,,,,,,,,/,/
GEN 424,,,,,,,,,,,,,,,,,/,/
GEN 425,,,,,,,,,,,,,,,,,/,/
GEN 426,,,,,,,,,,,,,,,,,/,/
GEN 427,,,,,,,,,,,,,,,,,/,/
GEN 428,,,,,,,,,,,,,,,,,/,/
GEN 429,,,,,,,,,,,,,,,,,/,/
GEN 430,,,,,,,,,,,,,,,,,/,/
GEN 431,,,,,,,,,,,,,,,,,/,/
GEN 432,,,,,,,,,,,,,,,,,/,/
GEN 433,,,,,,,,,,,,,,,,,/,/
GEN 434,,,,,,,,,,,,,,,,,/,/
GEN 435,,,,,,,,,,,,,,,,,/,/
GEN 436,,,,,,,,,,,,,,,,,/,/
GEN 437,,,,,,,,,,,,,,,,,/,/
GEN 438,,,,,,,,,,,,,,,,,/,/
GEN 439,,,,,,,,,,,,,,,,,/,/
GEN 440,,,,,,,,,,,,,,,,,/,/
GEN 441,,,,,,,,,,,,,,,,,/,/
GEN 442,,,,,,,,,,,,,,,,,/,/
GEN 443,,,,,,,,,,,,,,,,,/,/
GEN 444,,,,,,,,,,,,,,,,,/,/
GEN 445,,,,,,,,,,,,,,,,,/,/
GEN 446,,,,,,,,,,,,,,,,,/,/
GEN 447,,,,,,,,,,,,,,,,,/,/
GEN 448,,,,,,,,,,,,,,,,,/,/
GEN 449,,,,,,,,,,,,,,,,,/,/
GEN 450,,,,,,,,,,,,,,,,,/,/
GEN 451,,,,,,,,,,,,,,,,,/,/
GEN 452,,,,,,,,,,,,,,,,,/,/
GEN 453,,,,,,,,,,,,,,,,,/,/
GEN 454,,,,,,,,,,,,,,,,,/,/
GEN 455,,,,,,,,,,,,,,,,,/,/
GEN 456,,,,,,,,,,,,,,,,,/,/
